<keymap version="1" name="GNOME copy 1" parent="Default for GNOME">
  <action id="CollapseSelection" />
  <action id="CommentByLineComment">
    <keyboard-shortcut first-keystroke="ctrl slash" />
    <keyboard-shortcut first-keystroke="ctrl divide" />
    <keyboard-shortcut first-keystroke="ctrl period" />
  </action>
  <action id="EditorChooseLookupItemDot" />
  <action id="Terminal.Paste">
    <keyboard-shortcut first-keystroke="shift ctrl v" />
    <keyboard-shortcut first-keystroke="ctrl v" />
    <keyboard-shortcut first-keystroke="shift insert" />
  </action>
</keymap>