<keymap version="1" name="GNOME copy" parent="Default for GNOME">
  <action id="$Paste">
    <keyboard-shortcut first-keystroke="ctrl v" />
    <keyboard-shortcut first-keystroke="shift insert" />
    <keyboard-shortcut first-keystroke="shift ctrl v" />
    <keyboard-shortcut first-keystroke="shift v" />
  </action>
  <action id="Console.Execute.Multiline" />
  <action id="Console.Jdbc.Execute" />
  <action id="DirDiffMenu.SynchronizeDiff.All" />
  <action id="Editor Paste">
    <keyboard-shortcut first-keystroke="shift ctrl v" />
    <keyboard-shortcut first-keystroke="shift v" />
  </action>
  <action id="EditorSplitLine" />
  <action id="Images.Editor.ToggleGrid" />
  <action id="PasteMultiple">
    <keyboard-shortcut first-keystroke="shift ctrl insert" />
  </action>
  <action id="Run">
    <keyboard-shortcut first-keystroke="shift f10" />
    <keyboard-shortcut first-keystroke="ctrl quote" />
  </action>
  <action id="Stop 'debug'">
    <keyboard-shortcut first-keystroke="ctrl enter" />
  </action>
  <action id="Stop 'index.php'">
    <keyboard-shortcut first-keystroke="ctrl enter" />
  </action>
  <action id="ViewSource" />
</keymap>